{
    "train_losses": [
        28706.609019886364,
        23114.626864346592,
        10636.548828125,
        6322.162686434659,
        4321.025479403409,
        3919.649502840909,
        3391.8677090731535,
        3175.8771417791195,
        3114.0766157670455,
        3018.5062255859375,
        2917.431085759943,
        2893.800847833807,
        2849.6936479048295,
        2801.5973011363635,
        2804.6162553267045,
        2778.4912553267045,
        2759.749522816051,
        2754.1994295987215,
        2755.663418856534,
        2750.7088734019885,
        2708.102960759943,
        2727.0578058416195,
        2689.993330522017,
        2689.954190340909,
        2670.3910023082385,
        2659.7567027698865,
        2699.6292724609375,
        2679.257468483665,
        2631.1972434303975,
        2621.127363725142,
        2632.346590909091,
        2639.4730890447445,
        2612.0229270241475,
        2615.3839111328125,
        2646.7406893643465,
        2624.6454523259945,
        2586.6738503196025,
        2596.6017733487215,
        2571.57968971946,
        2570.962824041193,
        2568.712069424716,
        2599.4476207386365,
        2622.402743252841,
        2620.4673295454545,
        2558.616199840199,
        2596.591563831676,
        2537.4247602982955,
        2533.4334050958805,
        2546.3268710049715,
        2515.1554953835225,
        2529.8715598366475,
        2538.088700727983,
        2521.490889115767,
        2539.2340198863635,
        2515.24697043679,
        2529.998690518466,
        2502.2708851207385,
        2492.3548694957385,
        2523.517256303267,
        2514.854969371449,
        2510.820379083807,
        2496.0604248046875,
        2513.149169921875,
        2497.722567471591,
        2464.4372891512785,
        2485.3110906427555
    ],
    "val_losses": [
        22454.6787109375,
        13155.36669921875,
        5129.7227783203125,
        5806.531982421875,
        3378.1005859375,
        3314.9642333984375,
        3243.3927001953125,
        2867.4202880859375,
        2924.6251831054688,
        2709.7974853515625,
        2733.4613647460938,
        2685.867431640625,
        2620.5155029296875,
        2691.460693359375,
        2529.1397705078125,
        2423.9700927734375,
        2566.978759765625,
        2541.1817626953125,
        2399.212646484375,
        2619.2565307617188,
        2367.4298095703125,
        2535.4335327148438,
        2414.59375,
        2459.817626953125,
        2394.4619140625,
        2448.11767578125,
        2544.796630859375,
        2439.6854858398438,
        2392.2210083007812,
        2400.3319702148438,
        2474.8174438476562,
        2372.72607421875,
        2466.3589477539062,
        2309.8167724609375,
        2494.8593139648438,
        2324.722412109375,
        2428.0244140625,
        2334.638427734375,
        2477.31201171875,
        2368.8978881835938,
        2328.0321655273438,
        2437.1611938476562,
        2373.0350952148438,
        2353.0006713867188,
        2406.088134765625,
        2254.2735595703125,
        2611.0037841796875,
        2392.1537475585938,
        2318.9691772460938,
        2546.2138671875,
        2307.484619140625,
        2384.2451782226562,
        2487.5813598632812,
        2392.4733276367188,
        2337.9959106445312,
        2404.9589233398438,
        2338.1417236328125,
        2546.8458251953125,
        2283.2626342773438,
        2435.6620483398438,
        2484.7664794921875,
        2351.746826171875,
        2413.17626953125,
        2387.815185546875,
        2306.666015625,
        2564.3126220703125
    ],
    "best_val_loss": 2254.2735595703125,
    "epochs_trained": 66,
    "test_mse": 2518.588623046875,
    "test_rmse": 50.185543060302734,
    "test_loss": 2147.1165771484375,
    "timestamp": "2026-03-31T16:43:47.000501",
    "experiment_name": "lr_study_high_0.01",
    "config_file": "C:\\Users\\19441\\Desktop\\DL\\FNN\\FNN_Regression_Diabetes\\configs\\exp_configs\\lr_study\\lr_001.yaml"
}