{
    "train_losses": [
        13996.427024147728,
        3903.488858309659,
        3335.9858731356535,
        3135.900723544034,
        3069.074074485085,
        3016.299493963068,
        2822.659756747159,
        3191.645185990767,
        3266.004549893466,
        3301.0053267045455,
        3069.293856534091,
        2968.6689120205965,
        2988.05810546875,
        2974.7661576704545,
        2737.589044744318,
        3484.683904474432,
        3114.8823464133525,
        3169.293701171875,
        2875.4751198508525,
        2914.0928955078125,
        2872.141934481534,
        2716.5550426136365,
        2721.3261385830965,
        2851.4840753728695,
        2867.950261896307,
        2559.691905628551,
        2987.983975497159,
        3662.9800137606535,
        2869.8721812855115,
        2737.4394864169035,
        2562.5356667258525,
        2826.7424649325285
    ],
    "val_losses": [
        4207.279296875,
        3219.5433349609375,
        2824.5986328125,
        2329.656005859375,
        2245.1297607421875,
        2421.4614868164062,
        2376.1349487304688,
        2502.1856079101562,
        3395.982421875,
        2559.35107421875,
        2827.7154541015625,
        2124.6570434570312,
        2583.2882080078125,
        2512.955810546875,
        2334.8129272460938,
        4768.0029296875,
        3827.884765625,
        2519.2974853515625,
        2609.3682250976562,
        2560.9530639648438,
        2229.1712646484375,
        2356.257080078125,
        2193.2471923828125,
        2558.2808837890625,
        2686.617431640625,
        2855.6922607421875,
        2237.7398681640625,
        2217.8675537109375,
        3069.5526123046875,
        2357.1415405273438,
        2405.397216796875,
        2165.41357421875
    ],
    "best_val_loss": 2124.6570434570312,
    "epochs_trained": 32,
    "test_mse": 3157.311767578125,
    "test_rmse": 56.18996047973633,
    "test_loss": 2557.67333984375,
    "timestamp": "2026-03-31T16:43:47.812971",
    "experiment_name": "lr_study_high_0.1",
    "config_file": "C:\\Users\\19441\\Desktop\\DL\\FNN\\FNN_Regression_Diabetes\\configs\\exp_configs\\lr_study\\lr_01.yaml"
}